gender,ug_degree,ug_specialization,interests,skills,cgpa,has_certification,certification_details,is_working,job_title,masters_field,cgpa_normalized
Male,B.E,Computer Science Engineering,Technology,"Critical Thinking, Analytic Thinking, SQL, Programming, Work under Pressure, Logical Skills, Problem Solving skills",66.5,1,Microsoft certification ,1,Computer Software Engineer,None,66.5
Male,B.TECH,Computer Science Engineering,Technology,NO,74.1,0,No,1,Software Engineer,None,74.1
Male,B.TECH,Computer Science Engineering,Technology,Programming Language skills;Critical Thinking;Linux;Python;SQL;Java,69.35,1,Redhat certification,1,Software Engineer,None,69.35
Male,B.COM,Accountancy,Financial Analysis,"Accounting Skills, Analytic Thinking, Cost Accounting, Team work, Excel, Problem Solving skills, Writing, Tableau",63.745,1,Alteryx and Tableau,0,Tele-Caller,Pursuing Certified Management Accountant of United States,63.745
Male,BE,Automobile Engineering,"Take risk for Profits, Technology, Entrepreneurship","Analytic Thinking, Gathering Informing, Communication Skills, Team work, Presentation Skills, Problem Solving skills",71.44,0,No,1,Data Engineer,None,71.44
Male,BE,Mechanical Engineering,Entrepreneurship,"Python, Critical Thinking, Analytic Thinking, Gathering Informing, SQL, Programming, Leadership, Product Knowledge, Cost Accounting, Market Study, Team work, Excel, Logical Skills, R, Problem Solving skills, Writing, Tableau",71.25,1,Google Data Analytics Course,1,Teacher,M.Tech in Metallury and Material Science,71.25
Male,BE,Structural Engineeeing,Research;Teaching;Technology;Data analytics,"Active Listening;Critical Thinking;Analytical Skills;People management;Communication skills;Leadership;Problem Solving skills;Designing skills;Proeficiency in Software like STAAD PRO, ETABS",74.33,0,No,1,Assistant Professor,Master in Structural Engineering,74.33
Male,B.TECH,Mechanical Engineering,Technology;All fields related to Data science.;Industires;Information Technology,"Proeficiency in Software like STAAD PRO, ETABS;CAD/CAE(autocad/catia/ansys/proE/SeimensNX)",73.15,1,ANSYS,1,Mechanical Design Engineer,None,73.15
Male,BCA,"C,C++, Java",Teaching,Active Listening;Teaching,69.0,0,No,1,Teacher,MCA,69.0
Male,BE,Automobile Engineering,"Financial Analysis, Sales/Marketing, Technology, Entrepreneurship","Business Knowledge, People Management, Communication Skills, Work under Pressure, Leadership, Market Study, Team work, Interpersonal Skills, Presentation Skills, Designing Skills, Sales, Design and analysis of automobile components, vehicle maintenance and reconditioning, design for manufacturer and assemble",84.55,1,"Six Sigma, digital marketing.",1,Sales Executive,Masters in Business Administration,84.55
Male,BE,Electronics And Communication Engineering,Technology,NO,66.5,0,No,1,Software Developer,None,66.5
Male,B.TECH,Computer Science Engineering,Software Job,NO,76.0,0,No,1,Developer,None,76.0
Female,B.COM,Commerce,Financial Analysis,"Accounting Skills, Cost Accounting",51.3,1,Tax and law,0,Housewife,None,51.3
Male,B.COM,Commerce,Take risk for Profits,"Business Knowledge, Product Knowledge, Team work, Sales",57.0,0,No,1,Tele-Caller,Masters in Computer Applications,57.0
Female,B.TECH,Information Technology,Entrepreneurship,"Gathering Informing, People Management, Communication Skills, Work under Pressure, Leadership, Team work, Interpersonal Skills, Mass Communication, Observation Skills, Risk Managing",65.55,1,Digital marketing ,1,Hr,Masters in Business Administration,65.55
Male,BE,Automobile Engineering,"Research, Take risk for Profits, Understand Human Behaviour","Critical Thinking, Analytic Thinking, Product Knowledge, Team work, Excel, Observation Skills, Risk Managing, Reporting, Reading, Designing Skills",76.0,0,No,1,Design Engineer,None,76.0
Male,B.TECH,Electrical And Electronics Engineering,"Information Technology,Blockchain",Docker;Kubernetes;Amazon Web Services (AWS);Bash;Apache; New Relic APM;Jenkins;Internet Information Services (IIS);Terraform;AKS;Continuous Integration and Continuous Delivery (CI/CD);Amazon EC2,74.67,1,Creating Routing Policies to Handle Website Traffic Using AWS Route53;Kubernetes,1,Devops Engineer,None,74.67
Male,B.TECH,Computer Science Engineering,Software Job,"Full stack, java, python, reactjs",74.1,1,"Full stack, java, python, reactjs",1,Software Developer,None,74.1
Male,BE,Mechanical Engineering,Supply Chain Analysis;Data scientist;Machine Learning;Excel,Active Listening;Analytical Skills;Negotiation skills;Product knowledge;Problem Solving skills;Risk management skills;Machine Learning skills;Python,88.35,1,Data science,1,Production Engineer,None,88.35
Male,B.TECH,Mechanical Engineering,Technology;Industires,CAD/CAE(autocad/catia/ansys/proE/SeimensNX),74.1,1,catia,1,Mechanical Design Engineer,None,74.1
Male,DIPLOMA,High Pressure Die Casting,Technology,Designing skills,70.0,1,Catia,1,Engineer,None,70.0
Male,B.COM,Accounting&Finance,Financial Analysis,Company Law;Company Secretarial Work;Due Diligence;Corporate Law;industrial and labour law;company law;Corporate Social Responsibility;Public Company Compliance;Statutory Compliances;Regulatory Compliance,83.03,1,No,1,Company Secretary,"Company Secretary Professional(
(The Institute of Company Secretaries of India)",83.03
Female,B.TECH,Computer Science Engineering,Teaching;Technology;Web Designing,Active Listening;Programming Language skills;Gathering Information;Mass Communication;Content creation,68.4,1,MBA,1,Programmer,MBA,68.4
Male,B.TECH,Electrical And Electronics Engineering,Software Job,stack web development,78.85,1,stack web development,1,Associate Software Engineer,None,78.85
Male,B.TECH,Computer Science Engineering,Data scientist;Machine Learning,Programming Language skills;Data Visualization skills( Power Bi/ Tableau );Machine Learning skills;C++;R;Linux;Python;Artificial Intelligence;SQL;Java,73.625,1,Power BI,1,Data Analyst,None,73.625
Male,B.TECH,Computer Science Engineering,Web development,Active Listening;Hardware skills;Programming Language skills;Critical Thinking;Gathering Information,71.0,0,No,1,Software Engineer,None,71.0
Male,B.TECH,Criminal Manual,"Research, Sales/Marketing, Technology, Entrepreneurship","Analytic Thinking, Product Knowledge, Team work, Logical Skills",68.4,0,No,1,Sales Executive,None,68.4
Male,BE,Electrical And Electronics Engineering,Research;Teaching;Technology;Trading;Understand human behaviour;Understand human body;Data scientist;Market reserach;Social media marketing;Industires,Programming Language skills;Critical Thinking;Analytical Skills;Problem Solving skills;Python;Medical knowledge;MATLAB;Teaching,62.26,0,No,0,Assistant Professor,M.Tech-Heat Power Engineering and PhD-Mechanical Engineering,62.26
Male,B.TECH,Mechanical Engineering,Market reserach;SAP Consultant in MM;Project Management,Business Knowledge;Analytical Skills;Finance related skills;Problem Solving skills;Risk management skills;Presentation Skills,80.75,1,PMP,1,Project Manager,None,80.75
Male,B.TECH,Electrical And Electronics Engineering,Data analytics,Analytical Skills;Data Visualization skills( Power Bi/ Tableau );Machine Learning skills;Social Media Marketing;R;Python;Artificial Intelligence,63.9,1,Data science using python and R programming ,1,Mechanical Design Engineer,Master in Design (Mechanical)&professional Data science,63.9
Male,B.E,Accountancy,Entrepreneurship,"Active Listening, Python, Gathering Informing, Programming",88.35,1,Organic farming,1,Mechanical Engineer,Masters in Science,88.35
Female,B.TECH,Company Law,Data Analytics,"JavaScript,Python",73.15,1,"JavaScript,Python",1,Software Developer,None,73.15
Female,B.TECH,Physics,Data Analytics,Javascript,65.55,1,Javascript,1,Associate Software Engineer,None,65.55
Female,B.TECH,Computer Applications,Technology;Information Technology,Hardware skills;Programming Language skills;Communication skills;Problem Solving skills;Risk management skills;Writing skills;Presentation Skills;Linux;Python;Java;Cloud Computing,71.25,0,No,1,Software Engineer,"Yes, Master's in IT, specialisation in networking and cyber security",71.25
Female,B.COM,Computer Science Engineering,Financial Analysis,Teamwork;Time Management;Company Secretarial Work;Legal Compliance;Communication;TeamLeadership;Interpersonal Skills;Presentations;Interpersonal Communication;Companies Act;Indirect Taxation,67.45,1,Companies Act;Indirect Taxation,1,Company Secretary,"Company Secretary Professional(
(The Institute of Company Secretaries of India)",67.45
Male,BBA,Electrical Machines,Financial Analysis,Financial Modeling;Financial Analysis;,84.55,1,Financial Modelling,1,Financial Analyst,None,84.55
Male,B.TECH,Finance,"Research,Understand human body,BioTechnology",Microbiology; cell culture ;molecular Biology; bioprocess; Katte virus,83.22,1,"Antimicrobial Resistance - Theory and Methods ;  Cancer Metastasis; 
Fundamentals of Immunology: T Cells and Signaling;
Fundamentals of Immunology: Innate Immunity and B-Cell Function;
Drug Discovery;Drug Delivery Principles and Engineering ",1,Research Associate,None,83.22
Male,B.E,Biotechnology,Data Analytics,"Analytic Thinking, SQL, Oracle, Communication Skills, Work under Pressure, Leadership, Excel, Interpersonal Skills, Problem Solving skills, Reporting",88.16,1,Six Sigma Principles ,1,Data Analyst,None,88.16
Male,B.COM,Commerce,Take risk for Profits,Accounting Skills,77.0,1,Yes,0,Business Analyst,Masters in Accounting,77.0
Male,B.TECH,Civil Engineering,Construction;Construction Manegement,"Proeficiency in Software like STAAD PRO, ETABS",83.41,1,STAAD-Pro,1,Civil & Structural Engineer,None,83.41
Male,BE,Business Administration,"Financial Analysis, Research, Sales/Marketing, Trading, Entrepreneurship","Active Listening, Leadership, Market Study, Team work, Mass Communication, Writing, Reading, Sales",68.4,1,Master in diploma.. In designing Cadd ,1,Mechanical Engineer,None,68.4
Male,B.TECH,Electronics & Telecom.,Financial Analysis,Programming Language skills;Analytical Skills;C++;Linux;SQL;Java;Cloud Computing,66.5,1,DIPLOMA IN ADVANCED COMPUTING (CDAC),1,Software Engineer,None,66.5
Male,B.TECH,Civil Engineering,Teaching;Design,Gathering Information;Finance related skills;Civil & Criminal Law,66.0,0,No,1,Teacher,None,66.0
Male,B.TECH,Electronics And Communication Engineering,Teaching,"Active Listening,Work under Pressure,Team work,Presentation skills,Reading",65.55,0,No,1,Teacher,M.Tech,65.55
Male,B.TECH,Computer Science Engineering,"Data scientist,Web development,Social causes,All fields related to Data science,Machine Learning",Bootstrap;Node.js;Angular;JIRA;TRELLO;Jquery;Javascript;Ajax;PHP;Codeignitor;Loopback;,72.2,1,HTML,1,Web Developer,None,72.2
Male,DIPLOMA IN PHARMACY,Hospitality,Hospitality,"Accounting Skills, Business Knowledge, Editing, Excel, Designing Skills, Sales",84.55,1,Diploma in pharmacy ,1,Medical Practitioner,B pharm,84.55
Male,B.TECH,Biotechnology,"Research,Understand human body,BioTechnology",Polymerase Chain Reaction (PCR);Molecular Biology;Life Sciences;Molecular Biology protein purification;protein chemistry;Protein Assays;Protein Electrophoresis;Protein Chromatography;Western Blotting;Protein Structure Prediction;Protein Kinases; Protein structure ;protein characterization ;protein engineering,70.015,1,Industrial biotechnology,1,Research Associate,None,70.015
Male,B.TECH,Biotechnalogy,"Research,Understand human body,BioTechnology",Phytochemistry;Metabolomics;Protein Expression;PCR;Molecular Biology;Life Sciences;Polymerase Chain Reaction (PCR);DNA;Biochemistry;Bioinformatics;Cell Culture;Protein Purification;Chemometrics,84.075,1,Smart Metabolic engineering for plant biosynthesis;Small molecule analysis by NMR spectroscopy and mass spectrometry,1,Assistant Professor,None,84.075
Female,BBA,Human Resource,Financial Analysis;Sales/Marketing;Trading;Understand human behaviour,Active Listening;Finance related skills;People management;Communication skills;Negotiation skills;Interpersonal skills;HR,76.95,1,Leadership and Organizational Behaviour,1,Hr Executive,MBA in Human Resource,76.95
Male,B.TECH,Civil Engineering,Teaching;Technology;Trading;Home interior design;Industires;Design,Active Listening;Hardware skills;Critical Thinking;Gathering Information;Artistic/Creative Skills;Business Knowledge,71.0,0,No,1,Civil Engineer,None,71.0
Male,B.TECH,Mechanical Engineering,Technology,"Excel, Interpersonal Skills, Presentation Skills, Subject Knowledge",65.0,0,No,1,Mechanical Engineer,None,65.0
Female,B.TECH,Computer Science Engineering,Web Designing;Web development;Social media marketing;Information Technology,"Programming Language skills;Communication skills;Leadership;Problem Solving skills;Linux;SQL;Good communication skills;Foreign languages french, Spanish",84.55,0,No,1,Associate Consultant,None,84.55
Male,B.TECH,Computer Science And Engineering,Software Job,NO,76.0,0,No,1,Software Developer,None,76.0
Male,BE,Mechanical Engineering,Govt. Job,Communication skills,71.82,1,NTD,1,Quality Engineer,master in industrial engineering,71.82
Male,BE,Mechanical,Technology,Designing skills,68.4,0,No,1,Design Engineer,None,68.4
Male,BE,Automobile Engineering,Technology;Sports Industry,Gathering Information;People management;Communication skills;Product knowledge;Problem Solving skills;Java;Client management;Good communication skills,67.45,0,Diploma in Business and Management,1,Associate Software Engineer,None,67.45
Male,B.SC,Microbiology,Research,Protein expression ;protein purification; Molecular Biology; biochemistry; protein chemistry ;western blotting ;cell culture; cell biology; bioinformatics; Polymerase Chain Reaction (PCR) ;molecular cloning; microscopy; Chromatography; Enzyme Kinetics; Biophysics electron microscopy; Cryo-EM;X-ray crystallography; Static Light Scattering;chromatrography,84.265,1,Protein expression;Polymerase Chain Reaction (PCR),1,Research Associate,None,84.265
Female,B.TECH,Computer Science Engineering,Technology;Web Designing;Data analytics,Communication skills;Writing skills;C++;Python;SQL;Java,79.0,0,No,1,Associate Consultant,None,79.0
Male,B.TECH,Civil Engineering,Industires;SAP Consultant in MM;Construction,"Proeficiency in Software like STAAD PRO, ETABS",65.55,1,Revit,1,Civil & Structural Engineer,Masters in Structural Engineering,65.55
Male,B.TECH,Civil Engineering,Construction;Construction Manegement;Urban Planning;Project Management,"Active Listening;Critical Thinking;Gathering Information;Analytical Skills;Finance related skills;Proeficiency in Software like STAAD PRO, ETABS;Good communication skills;SAP",77.615,1,MS Project,1,Civil & Structural Engineer,Masters in Structural Engineering,77.615
Male,B.SC,Physics,Social Justice,"Business Knowledge, Sales",74.1,0,No,0,Teacher,Masters in Data Science,74.1
Male,B.TECH,Mechanical Engineering,Technology,"AI, ML, Python, SQL, Negotiation Skills, Work under Pressure, Leadership, News Gathering, Editing, Market Study, Team work, Derivatives, Excel, Tableau, CATIA , ANSYS ,SOLIDWORKS,CAESAR 2",67.545,1,Data science ,0,Mechanical Engineer,None,67.545
Male,B.TECH,Mechanical Engineering,Technology,"Business Knowledge, Leadership, Market Study",80.75,0,No,1,Mechanical Engineer,None,80.75
Male,MBA,Business Administration,"Financial Analysis, Sales/Marketing","Accounting Skills, Business Knowledge, Product Knowledge, Sales",60.0,0,No,0,Marketing Manager,Masters in Business Administration,60.0
Male,B.TECH,Computer Science Engineering,Technology;Data analytics;Data scientist,Programming Language skills;Critical Thinking;Artistic/Creative Skills;Analytical Skills;Machine Learning skills;Python;SQL;Java,68.4,0,No,1,Data Scientist,None,68.4
Female,BA,English,Research;Teaching;Govt. Job;Design;Sports Industry,People management;Leadership;Designing skills;Writing skills;Social Media Marketing,83.0,0,No,1,Teacher,Master in English,83.0
Male,BE,Mechanical Engineering,Research;Technology;Industires;Design;Product Life cycle Management,Analytical Skills;Communication skills;Product knowledge;Problem Solving skills;Risk management skills;Designing skills;Writing skills;Presentation Skills,74.1,1,Design engineer,1,Design Engineer,None,74.1
Male,B.TECH,Computer Science Engineering,"Data scientist,Web development,Social causes,All fields related to Data science.Machine Learning",c;JavaScript;Data Structure;CSS; jQuery ;Angular JS ;javaScript; hTML5 ;css3; SSIS; ssms; python; react.js ;java Enterprise edition,67.45,1,Querying Microsoft SQL Server,1,Software Engineer,None,67.45
Male,B.TECH,Computer Science Engineering,"Data scientist,Web development,Social causes,All fields related to Data science,Machine Learning",CSS;C++;JavaScript;MySQL;Java;SQL;Cascading Style Sheets (CSS);Website Development;jQuery;HTML5;Linux;AJAX;Software Development;XML;CakePHP;CodeIgniter;Laravel;Symfony;Symfony Framework;Git;Angular Command Line Interface (CLI);Yii2,76.0,1,PHP;HTML,1,Web Developer,None,76.0
Female,B.SC,Physics,News Coverage;Research;Sales/Marketing;Social Justice;Teaching,Gathering Information;Artistic/Creative Skills;Analytical Skills;Communication skills,68.4,0,No,0,Sales,Physics,68.4
Male,B.TECH,Electronics And Communication Engineering,"Research, Technology","Python, SQL",74.1,1,Core and Advance python,1,Devops Engineer,Masters in Data Science,74.1
Male,B.TECH,Civil,Construction;Construction Manegement,"Proeficiency in Software like STAAD PRO, ETABS",79.42,1,BIM for Construction Management and Planning,1,Civil & Structural Engineer,Masters in Construction Management,79.42
Male,B.TECH,Mechanical Engineering,Data science and Artificial intelligence,"ML, Python, Analytic Thinking, Business Knowledge, Leadership, Team work, Excel, R, Problem Solving skills, Data science completed by using python and R",63.9,1,Certification of completion data science using python and R,1,Mechanical Engineer,Post graduation in mechanical design and professional data science,63.9
Female,BE,Computer Science Engineering,Technology;Content Writing;Web development,Programming Language skills;Business Knowledge;Communication skills;Problem Solving skills,65.0,0,No,1,Associate Consultant,None,65.0
Male,B.TECH,History,Trading,"Java, Programming",72.2,0,autocad,1,Java Developer,Masters in Data Science,72.2
Male,B.E,Information Technology,"Research, Social Justice, Understand Human Body","Writing, Reading",73.625,0,No,0,Mechanical Engineer,Masters in Data Science,73.625
Male,B.TECH,Electrical And Electronics Engineering,"Financial Analysis, Technology, Entrepreneurship","ML, Python, Business Knowledge, Java, Linux, AWS",66.5,1,"JAVA, DATA SCIENCE ",1,Back End Developer,Masters in Business Administration,66.5
Male,BE,Mechanical Engineering,Technology,Critical Thinking;Communication skills;SAP,75.0,1,SAP MM ,1,Production Engineer,None,75.0
Male,B.TECH,Electrical And Electronics Engineering,Data Analytics,NO,76.0,0,No,1,Assistant System Engineer Trainee,None,76.0
Male,B.TECH,Programming,"Technology,Trading","Active Listening, Programming, Work under Pressure, Teamwork,Excel,Logical Skills Interpersonal Skills, Presentation skills, Reading",70.3,0,No,1,Sql Developer,Masters in Business Analytics,70.3
Male,B.E,Computer Science Engineering,"Take risk for Profits, Technology, Trading, Entrepreneurship","Active Listening, Analytic Thinking, Business Knowledge, Work under Pressure, Team work, Presentation Skills, Writing, Observation Skills, Risk Managing, Reading, Subject Knowledge",74.1,1,NPTEL,0,Front End Developer,None,74.1
Male,B.TECH,Automobile Engineering,Data analytics;Data scientist;All fields related to Data science.,Data Visualization skills( Power Bi/ Tableau );Python;Artificial Intelligence;SQL,79.8,1,Data Vizualization,1,Data Analyst,None,79.8
Female,B.TECH,Computer Applications,Digital marketing;Data scientist;Social media marketing,Programming Language skills;People management;Designing skills;Social Media Marketing;Interpersonal skills;Good communication skills,33.25,0,No,1,Software Engineer,None,33.25
Male,B.TECH,Commerce,Technology,"Python, Java",65.55,0,No,0,Java Developer,Masters in Banking & Financial Institutions,65.55
Female,BA,Electronics And Communication Engineering,Understand human behaviour;Social causes,HR;Good communication skills,70.0,0,No,1,Hr Executive,MBA,70.0
Male,B.SC,Computer Science Engineering,Technology,"Python, Programming, Communication Skills, Leadership, C++, Writing, Observation Skills",77.995,0,No,0,Computer Software Engineer,Masters in Computer Science,77.995
Male,B.TECH,Computer Science Engineering,Cyber Secuirty,IBM QRadar;OWASP;Ethical Hacking;Threat & Vulnerability Management;Splunk;Vulnerability Scanning;Malware Analysis;Tenable Nessus;ePolicy Orchestrator;Metasploit;Burp Suite;Security Information and Event Management (SIEM);,75.905,1,Offsenive Bug Bounty Hunter 2.0 ;Ethical Hacking: Trojans and Backdoors,1,Cyber Security Analyst,None,75.905
Female,M.A,Mathematics,Teaching,"Critical Thinking, Artistic skills, Communication Skills, Editing, Interpersonal Skills, Reporting, Reading, Subject Knowledge",83.0,1,"PGDBM , Psychotherapy and Counselling",1,Teacher,MA Psychology,83.0
Male,BBA,Accountancy,"News Coverage, Social Justice","Python, Gathering Informing, Business Knowledge",95.0,0,No,0,Mechanical Engineer,Masters in Psychology,95.0
Male,BCA,Mathematics,Information Technology,SQL;Java;Javascript,69.92,1,Java developer ,1,Programmer,None,69.92
Male,BE,Mechanical Engineering,Sales/Marketing;Technology;Supply Chain Analysis;Govt. Job;Market reserach;Infrastructure;Design,Accounting Skills;Finance related skills;People management;Civil & Criminal Law,67.4,1,"Mscit ,catia v5, autocad ,",1,Quality Engineer,MBA,67.4
Male,B.TECH,Computer Software Engineer,Technology,"Critical Thinking, Analytic Thinking, Business Knowledge, SQL, Programming, Communication Skills, Work under Pressure, Editing, Team work, Excel, Logical Skills, Interpersonal Skills, Presentation Skills, Tableau, Building Rapport",82.175,0,No,1,Computer Software Engineer,None,82.175
Female,BA,Finance,Content Writing,Artistic/Creative Skills;Communication skills;Mass Communication;Writing skills;Content creation,66.5,0,No,1,Journalist,Masters in Mass Communications,66.5
Male,B.TECH,Statistics,Technology,"AI, ML, Python, Java",73.15,0,No,1,Java Developer,Masters in Business Administration,73.15
Male,BE,Mechanical Engineering,Supply Chain Analysis;Product Life cycle Management,Leadership;Product knowledge;Sales,63.175,0,No,1,Quality Engineer,None,63.175
Male,B.TECH,Chemistry,Construction,Civil & Criminal Law,70.0,0,No,1,Civil Engineer,Masters in Computer Science,70.0
Male,BE,Mechanical Engineering,Teaching;Technology,Analytical Skills;Leadership;Social Media Marketing,71.155,0,No,1,Design Engineer,None,71.155
Male,B.E,Mechanical Engineering,"Financial Analysis, Take risk for Profits, Trading, Understand Human Behaviour, Understand Human Body","Accounting Skills, Gathering Informing, Business Knowledge, People Management, Product Knowledge, Excel, Observation Skills",65.55,1,STAAD PRO ,1,Site Engineer,Masters in structural engineering,65.55
Female,BE,Engineering,Technology;Web Designing,Programming Language skills;Wealth Management;Python,70.3,0,No,1,Developer,None,70.3
Male,B.SC,Computer Science,Technology,"AI, Python",77.9,0,No,1,Computer Software Engineer,None,77.9
Male,BE,Management,Web Designing;Govt. Job;Web development,"Accounting Skills;Critical Thinking;Artistic/Creative Skills;Business Knowledge;Analytical Skills;Finance related skills;Civil & Criminal Law;Mass Communication;Editing;Product knowledge;Problem Solving skills;Writing skills;Data Visualization skills( Power Bi/ Tableau );Machine Learning skills;Social Media Marketing;C++;Presentation Skills;Python;Content creation;Medical knowledge;Java;HR;Proeficiency in Software like STAAD PRO, ETABS",69.0,0,Cad,1,Sales,None,69.0
Female,B.TECH,Computer Science Engineering,Technology,Programming Language skills;Finance related skills;Editing;C++;Python;Artificial Intelligence;SQL;Java,62.0,0,No,1,Associate Consultant,None,62.0
Male,B.TECH,Information Technalogy,Technology;Industires;Information Technology,Hardware skills;PLC/SCADA/VLSI/DCS,85.69,1,PLC,1,Instrumentation And Control Engineer,None,85.69
Male,B.TECH,Pharmacy,Construction;Construction Manegement;Urban Planning,"Proeficiency in Software like STAAD PRO, ETABS",79.8,1,STAAD-Pro,1,Civil & Structural Engineer,None,79.8
Female,B.SC,Civil,Technology,Programming,62.0,0,I doing job ,1,Tele-Caller,Masters in Computer Science,62.0
Male,B.TECH,Computer Science Engineering,Web Designing;Web development,Javascript,95.0,1,No,1,Associate Consultant,None,95.0
Male,BE,Chemistry,"Research, Teaching, Technology","Gathering Informing, Leadership, Market Study, Team work",83.6,0,No,1,Design Engineer,Masters in Automotive Technologies,83.6
Male,BE,Mathematics,Entrepreneurship,"Programming, Logical Skills, Observation Skills",84.55,0,No,0,Back End Developer,None,84.55
Male,B.TECH,Automobile Engineering,"Financial Analysis, Technology, Entrepreneurship, Understand Human Behaviour","Accounting Skills, Active Listening, Gathering Informing, Java, SQL, Programming, Communication Skills, Work under Pressure, News Gathering, Editing, Product Knowledge, Excel, Interpersonal Skills, Presentation Skills, C++, Problem Solving skills, Observation Skills, Building Rapport",78.565,1,MS HTML-CSS Foundation Certificate,1,Java Developer,Masters in Science,78.565
Female,B.TECH,Computer Science Engineering,Data analytics;Data scientist;Social media marketing,Analytical Skills;Data Visualization skills( Power Bi/ Tableau );C++;Python;SQL;Java;AWS,80.75,1,SQL,1,Software Engineer,None,80.75
Female,B.TECH,Information Technology,"Technology, Understand Human Behaviour","ML, Business Knowledge, People Management, Communication Skills, Negotiation Skills, Leadership, Product Knowledge, Team work, Excel",74.1,1,"Course on R, Python, React,React Native,javaScript,typeScript",1,Computer Software Engineer,Masters in Data Science,74.1
Male,B.TECH,Accountancy,Technology,NO,85.5,0,No,1,Software Developer,None,85.5
Female,PHARMACY,Information Science,"Teaching, Entrepreneurship","Sales, Subject Knowledge",60.0,1,Computer applications,0,Medical Practitioner,Masters in Pharmacy,60.0
Female,D ED,Vedio Editing,"Teaching, Entrepreneurship","Reading, Sales",57.0,1,Basic computer,0,Teacher,Masters in Pharmacy,57.0
Male,B.TECH,Computer Applications,"Machine Learning,All fields related to Data science",Python; C++; problem solving ;KIVY; competitive programming; data structures ;backend web development ;spring boot; spring framework,87.59,1,"Learning Spring with Spring Boot;
React JS ",1,Software Developer,None,87.59
Male,BBA,Statistics,Trading,Leadership,69.0,0,No,1,Tele-Caller,Masters in Banking & Financial Institutions,69.0
Male,HH,Accountancy,Social Justice,People Management,69.35,1,Bh,1,Business Analyst,Masters in Pharmacy,69.35
Male,BBA,Econamics,Financial Analysis;Research;Sales/Marketing;Trading,Business Knowledge;Finance related skills;Communication skills;Leadership;Interpersonal skills,78.185,1,ISTQB ,1,Business Analyst,PGDM in Business Management,78.185
Male,B.TECH,"C, C++, Java, Sql, Mysql, Unix, Html, Mathematics, Statistics",Construction Manegement,"Proeficiency in Software like STAAD PRO, ETABS",71.25,1,Construction Management,1,Civil & Structural Engineer,Masters in Construction Management,71.25
Female,B.TECH,Civil Engineering,Technology;Data analytics;Data scientist;Web development,Data Visualization skills( Power Bi/ Tableau );Machine Learning skills;C++;R;Linux;Python;Artificial Intelligence;SQL,74.1,1,Tableau,1,Data Analyst,None,74.1
Female,B.TECH,Accounting,Data scientist;Information Technology,Data Visualization skills( Power Bi/ Tableau );C++;Linux;Python;Artificial Intelligence;SQL,88.73,1,Oracle,1,Business Analyst,None,88.73
Male,B.TECH,Political Science,Teaching,Java,58.615,0,No,1,Software Engineer,None,58.615
Male,B.TECH,Computer Science Engineering,Technology,NO,78.85,0,No,1,Software Developer,None,78.85
Male,DIPLOMA,Automobile Engineering,Design,Hardware skills;Analytical Skills;Communication skills;Leadership;Editing;Product knowledge;Problem Solving skills;Risk management skills;Designing skills,60.0,0,No,1,Mechanical Design Engineer,None,60.0
Male,B.TECH,N.A,"Research, Teaching, Geography and Geology","Analytic Thinking, SQL, Oracle, Programming, Communication Skills, Interpersonal Skills",70.775,0,No,1,Computer Software Engineer,None,70.775
Male,B.TECH,Building Material And Construction,Research,"Accounting Skills, Cost Accounting",58.0,0,Talyy,1,Data Analyst,Masters in Mathematics,58.0
Male,B.TECH,Computer Science Engineering,Technology,"Java, SQL, Programming, Team work",75.81,0,No,1,Computer Software Engineer,Masters in Computer Science,75.81
Male,B.TECH,Computer Applications,"Technology,Entrepreneurship","Creativity Skills,Leadership,Market Study, Teamwork, Programming",78.85,1,"Java Training,Power BI",1,Java Developer,Masters in Business Analytics,78.85
Male,BE,Computer Science Engineering,Financial Analysis,"ML, Python, Analytic Thinking, SQL, Excel, Problem Solving skills, Tableau, Risk Managing",69.065,1,Data science course completion,0,Data Analyst,Masters in Data Analytics,69.065
Male,BBA,Mathematicsãš,Sales/Marketing,"Team work, Reporting",65.55,1,Certificate in information technology ,1,Marketing Manager,Masters in Business Administration,65.55
Male,MBA,Finance And Hrãš,Sales/Marketing,"Leadership, C.I.T",65.55,1,Certificate in information technology ,1,Marketing Manager,Masters in Business Administration,65.55
Male,BBA,Business Administration,Sales/Marketing,"Communication Skills, Leadership, Team work, Reporting",65.55,1,Certificate in information technology ,1,Marketing Manager,Masters in Business Administration,65.55
Male,B.TECH,Sales & Marketing,Technology;Data analytics;Game industry,Active Listening;Gathering Information;Artistic/Creative Skills;Editing;Problem Solving skills;SQL,60.0,1,SQL,1,Programmer,None,60.0
Male,B.TECH,Computer Science,Technology,"Python, Artistic skills, SQL, Communication Skills, Editing, Excel, C++",60.0,1,Sql,1,Programmer,None,60.0
Male,B.TECH,Electronic,Financial Analysis,Accounting Skills;Analytical Skills;Finance related skills;People management;Negotiation skills,66.0,0,No,1,Analyst,None,66.0
Female,B.TECH,Accountancy,Technology,"AI, ML, Python, Analytic Thinking, Gathering Informing, SQL, Team work, Excel, Tableau",66.5,1,Data science professional course,0,Data Analyst,Masters in Computer Science,66.5
Female,B.TECH,Mechanical Engineering,Technology,"AI, ML, Python, Java, SQL, Oracle, Programming, Work under Pressure, Leadership, Product Knowledge, Team work, Logical Skills, Presentation Skills, C++, Problem Solving skills, Writing, Observation Skills, Subject Knowledge",87.4,1,"Coursera python certification, naascom artificial intelligence course, web development course",1,Computer Software Engineer,Masters in Computer Science,87.4
Male,BE,Commerce,"Research, Technology, Entrepreneurship","Active Listening, AI, ML, Python, Critical Thinking, Analytic Thinking, Programming, Communication Skills, Work under Pressure, Leadership, C++, Problem Solving skills",88.16,1,Computational fluid dynamics,1,Front End Developer,None,88.16
Male,B.TECH,Automobile Engineering,Technology,Python,70.0,0,No,1,Mechanical Engineer,None,70.0
Female,B.TECH,English,"Research, Technology","Python, Java",61.75,0,No,1,Computer Software Engineer,None,61.75
Female,B.E,Electronics And Communication Engineering,Technology,"Leadership, Team work, Excel, Reading, Designing Skills",78.85,0,No,1,Analyst,None,78.85
Male,B.TECH,Automobile Engineering,Engineering,Engineering,76.0,0,No,1,Mechanical Engineer,None,76.0
Female,B.COM,Engineering,Financial Analysis,Accounting Skills,76.0,0,No,0,Housewife,None,76.0
Male,B.E.,Computer Applications,"Social Justice, Technology","Critical Thinking, Analytic Thinking, Business Knowledge, Communication Skills, Negotiation Skills, Leadership, Creativity Skills, Team work, Interpersonal Skills, Problem Solving skills, Risk Managing, Designing Skills",80.75,1,Innovation Engineer,1,Computer Software Engineer,None,80.75
Male,BCA,Automobile Engineering,Technology,Active Listening;Programming Language skills;Critical Thinking;Designing skills;SQL;Java;Cloud Computing,73.15,1,Core Java and J2EE,1,Software Engineer,Master in Computer Application,73.15
Male,B.TECH,Electrical Engineering,Data scientist,Data Visualization skills( Power Bi/ Tableau );Machine Learning skills;Python;Artificial Intelligence,66.5,1,DataScience ,1,Developer,None,66.5
Male,BE,Electronics And Communication Engineering,"Research, Social Justice, Teaching","ML, Critical Thinking, Analytic Thinking, Gathering Informing, Communication Skills, Work under Pressure, Writing",80.75,0,No,1,Engineer,Water resources,80.75
Male,B.E,Civil Engineering,Sales/Marketing,"Business Knowledge, Product Knowledge, Team work, Reading, Building Rapport",65.835,0,No,1,Sales Executive,None,65.835
Male,B.COM,Insurance,Entrepreneurship,"Business Knowledge, Leadership, Team work, Problem Solving skills",73.625,0,No,1,Business Analyst,Masters in Business Analytics,73.625
Male,B.TECH,Commerce,Teaching,"Active Listening, Work under Pressure,Teamwork,Interpersonal Skills, Presentation skills, Reading",71.25,0,No,1,Teacher,M.Tech,71.25
Male,B.TECH,Geography,Govt. Job,Hardware skills,82.91,1,Java,1,Web Developer,None,82.91
Male,BBA,Econamics,Financial Analysis,SAP Successfactors;Financial Modeling;Corporate Finance;Equity Research;Financial Statement Analysis;Business Model Development;Financial Forecasting;Business Model InnovationBusiness Strategy,76.57,1,Financial Modelling;Corporate finance,1,Financial Analyst,Masters in Finance,76.57
Male,B.SC,Biotechnology,Technology,"Python, SQL, Programming",84.835,0,No,0,Data Analyst,Masters in Computer Applications,84.835
Female,BE,Computer Science Engineering,Research;Sales/Marketing;Technology;Understand human behaviour,Communication skills;Negotiation skills;Product knowledge;Designing skills,69.35,1,"Catia, Autocad, Ansys",1,Design Engineer,Mechanical Design,69.35
Male,BE,Mechanical Engineering,"Teaching;Technology;Design;Agriculture, services",Active Listening;Business Knowledge;People management;Communication skills;Leadership;Designing skills;Writing skills;Social Media Marketing;Hospitality;Good communication skills;Teaching;SAP;CAD/CAE(autocad/catia/ansys/proE/SeimensNX);mechanical maintenance;Excel,75.05,0,No,1,Project Manager,None,75.05
Male,BE,Computer Science Engineering,Entrepreneurship,"Editing, Excel, PowerBI",74.1,0,No,1,Data Analyst,None,74.1
Male,B.TECH,Automobile Engineering,"Web development,Social causes,All fields related to Data science,Machine Learning,Data scientist",html;c;PHP;CSS;Drupal;Javascript;MSSQL;jQuery;NetBeans;MySql;Ajax;XML,83.6,1,Python3;SQL,1,Web Developer,Masters in Computer Science,83.6
Male,B.TECH,Computer Science Engineering,"Research,Understand human body,BioTechnology",Cell culture ;plant tissue culture; environmental biotechnology; microbiology ;nanomaterials ;nanoparticles;nanobiotechnology; gas chromatographyHigh-Performance Liquid Chromatography (HPLC); electrospinning; mammalian cell culture ;bacterial culture; ndds ;chromatography;Tissue culture;UV/Vis Spectroscopy,71.25,1,novel drug delivery systems; industrial biotechnology,1,Research Associate,None,71.25
Male,B.TECH,Electronics And Communication Engineering,Data analytics,Analytical Skills;Problem Solving skills;Data Visualization skills( Power Bi/ Tableau );Machine Learning skills;Sales;Python;SQL;Java,79.515,1,Data Analyst Associate,1,Data Analyst,None,79.515
Female,B.TECH,Computer Science Engineering,Sales/Marketing,"Business Knowledge, Java, SQL, Excel, Reporting",75.05,1,"Java, ms excel",1,Business Analyst,Masters in Data Analytics,75.05
Male,B.TECH,Electrical And Electronics Engineering,"Financial Analysis, Research, Technology, GIS","Active Listening, ML, Python, Analytic Thinking, SQL, Programming, Communication Skills, Creativity Skills, Team work, Logical Skills, Tableau, Reading",73.055,1,Data Analytics and Science - Prepleaf by Masai School,1,Assistant Professor,None,73.055
Female,B.E,Communication & Political Science,Technology,"ML, Python, SQL, Oracle, Tableau",62.0,1,Data science,1,Back End Developer,B.E,62.0
Male,POO.SC,Psychology,Sales/Marketing,Sales,53.0,0,No,1,Sales Executive,None,53.0
Male,BE,Electronics And Communication Engineering,Technology,"Java, SQL, Oracle, Programming, Problem Solving skills",78.375,0,No,1,Back End Developer,None,78.375
Female,B.TECH,Automobile Engineering,Project Management,Active Listening;Critical Thinking;Artistic/Creative Skills;Business Knowledge;Analytical Skills;People management;Communication skills;Presentation Skills,87.4,1,Professional scrum master,1,Project Manager,None,87.4
Male,MCA,Computer Science Engineering,Technology,Programming Language skills,94.05,0,No,1,Developer,MCA,94.05
Male,BE,Computer Science Engineering,Technology;Data analytics;Data scientist,Active Listening;Programming Language skills;Critical Thinking;Business Knowledge;Analytical Skills;Communication skills;Leadership;Problem Solving skills;Risk management skills;Writing skills;Data Visualization skills( Power Bi/ Tableau );Machine Learning skills;C++;R;Python;Artificial Intelligence;SQL,74.1,1,Bsnl,0,Data Scientist,None,74.1
Male,M.TECH,Taxation & Law,Data analytics;Web development;All fields related to Data science.,Programming Language skills;Analytical Skills;Leadership,63.0,0,No,1,Data Analyst,None,63.0
Male,B.TECH,Electronics And Instrumentation Engineering,Software Job,NO,78.85,0,No,1,Associate Engineer,None,78.85
Male,B.TECH,Electrical And Electronics Engineering,Software Job,NO,78.85,0,No,1,Associate Engineer,None,78.85
Male,B.TECH,Commerce,Software Job,NO,65.55,0,No,1,Associate Engineer,None,65.55
Female,BCA,Agriculture Engineering,Sales/Marketing,Business Knowledge,86.0,1,PGDCA,1,Sales,MBA,86.0
Male,BE,Sales & Marketing,Technology;Service;Social causes;Industires;Design,Hardware skills;Business Knowledge;Leadership;Product knowledge;Problem Solving skills;Designing skills;Client management,66.0,0,No,1,Quality Engineer,None,66.0
Female,B.TECH,Civil Engineering,Technology,Active Listening;Programming Language skills;Python;SQL;Java,80.75,0,No,1,Software Engineer,None,80.75
Female,B.TECH,Information Technalogy,News Coverage;Social Justice;Teaching;Technology;Understand human behaviour;Web Designing;Content Writing;Data analytics;Digital marketing;Home interior design;Web development;Social media marketing;Gardening;Service;Social causes;Industires;Design;Navy Defence related,Active Listening;Programming Language skills;Critical Thinking;Artistic/Creative Skills;Business Knowledge;Leadership;Writing skills;Linux;SQL;Java;Client management;Good communication skills,83.6,1,agile safe,1,Associate Consultant,None,83.6
Female,B.SC,Computer,Understand Human Behaviour,"Gathering Informing, Communication Skills, Negotiation Skills, Work under Pressure, Leadership, Team work, Writing, Reading",84.55,0,No,1,Hr Executive,None,84.55
Female,B.TECH,Pharmacy,"Research,Understand human body,BioTechnology",Cancer Research; cancer Biology ;bacterial transformation; molecular cloning; cell culture; Gel Electrophoresis; Fluorescence Microscopy; Polymerase Chain Reaction (PCR); Real-Time Polymerase Chain Reaction (qPCR),76.285,1,"
Genomics and Proteomics;
Tissue Engineering;
Systems Biology;
Structural Biology;
Genomics and Proteomics;
Biochemistry",1,Research Associate,None,76.285
Male,B.TECH,Electronics And Communication Engineering,Understand human behaviour;Game industry;Blockchain,Business Knowledge;Product knowledge;Problem Solving skills,72.0,1,Python,1,Site Engineer,None,72.0
Female,B.TECH,Mechanical Engineering,Construction;Construction Manegement,construction management,74.1,1,AutoCAD Civil 3D,1,Civil & Structural Engineer,Masters in Civil Engineering,74.1
Male,B.TECH,Mathematics,"Cyber Security,Technology,Data analytics,Machine Learning,Cloud computing",Splunk;ServiceNow;Cybersecurity;,84.455,1,Splunk Administration 6.3;Splunk Certified Power User 6.3;GIAC Certification,1,Cyber Security Analyst,None,84.455
Male,BE,Accounting,Technology;Trading;Game industry;Information Technology,Hardware skills;Programming Language skills;Gathering Information;Product knowledge;SQL;Java;Automation,56.0,1,ISTQB,1,Software Tester,None,56.0
Male,B.E,Civil Engineering,"Research, Sales/Marketing, Social Justice, Take risk for Profits, Technology, Trading, Entrepreneurship, Understand Human Behaviour","Active Listening, AI, ML, Python, Critical Thinking, Analytic Thinking, Gathering Informing, Artistic skills, SQL, Negotiation Skills, Work under Pressure, Leadership, News Gathering, Editing, Product Knowledge, Creativity Skills, Team work, Excel, Interpersonal Skills, Presentation Skills, C++, R, Problem Solving skills, Mass Communication, Writing, Tableau, Observation Skills, Risk Managing, Reporting, Reading, Designing Skills, Subject Knowledge",66.0,1,"Data Science and AI, Catia",1,Mechanical Engineer,None,66.0
Male,BE,Civil Engineering,Research;Social Justice;Technology;Trading;Understand human behaviour;Supply Chain Analysis;Data analytics;Govt. Job;Game industry;Digital marketing;Data scientist;Web development;Market reserach;Social media marketing;Gardening;Service;Social causes,Active Listening;Critical Thinking;Gathering Information;Artistic/Creative Skills;Business Knowledge;Analytical Skills;People management;Civil & Criminal Law;Communication skills;Negotiation skills;Mass Communication;Leadership;Editing;Product knowledge;Problem Solving skills;Risk management skills;Designing skills;Writing skills;Data Visualization skills( Power Bi/ Tableau );Machine Learning skills;Interpersonal skills;Presentation Skills;R;Python;Artificial Intelligence;SQL;Content creation;Good communication skills,66.0,1,Data Science and AI,1,Production Engineer,None,66.0
Male,BE,Mechanical Engineering,News Coverage;Research;Sales/Marketing;Social Justice;Technology;Trading;Understand human behaviour;Understand human body;Supply Chain Analysis;Content Writing;Data analytics;Govt. Job;Game industry;Digital marketing;Data scientist;Web development;Market reserach;Social media marketing;Service;Infrastructure;Social causes;All fields related to Data science.;Industires;Design;SAP Consultant in MM;Information Technology;Product Life cycle Management;Navy Defence related;Sports Industry;Blockchain;Salesforce Admin,Active Listening;Hardware skills;Programming Language skills;Critical Thinking;Gathering Information;Artistic/Creative Skills;Business Knowledge;Analytical Skills;Finance related skills;People management;Communication skills;Negotiation skills;Mass Communication;Leadership;Editing;Product knowledge;Problem Solving skills;Risk management skills;Designing skills;Writing skills;Data Visualization skills( Power Bi/ Tableau );Machine Learning skills;Sales;Social Media Marketing;Interpersonal skills;Wealth Management;Presentation Skills;R;Python;Artificial Intelligence;SQL;Content creation;Medical knowledge;Hospitality;HR;MATLAB;Good communication skills;Teaching;SAP;Us & Canada Recruitment (IT),66.0,1,Data Science and AI,1,Production Engineer,None,66.0
Male,B.E,Electronics & Telecommunications,"Sales/Marketing, Technology","Interpersonal Skills, C++, Sales",67.45,0,NPTEL,1,Mechanical Engineer,Masters in Business Administration,67.45
Male,BE,Computer Science,Railway Engineering,"Critical Thinking, Analytic Thinking, Gathering Informing, Business Knowledge, People Management, Negotiation Skills, Work under Pressure, Leadership, Team work, Excel, Interpersonal Skills, Presentation Skills, Problem Solving skills, Mass Communication, Writing, Observation Skills, Risk Managing, Reporting, Designing Skills, Building Rapport, Subject Knowledge",76.0,1,"Diploma in Railway Engineering, ClearRoute1 & 2, Bentley Rail Track, Microstation, AutoCAD",1,Design Engineer,Masters in Urban Engineering,76.0
Male,B.SC,Civil Engineering,Technology,Programming Language skills;Finance related skills;SQL,78.0,1,No,1,Software Developer,None,78.0
Female,B.SC,Electronics And Communication Engineering,News Coverage,"Business Knowledge, Programming",81.32,0,No,1,Journalist,None,81.32
Male,B.SC,Computer Science Engineering,Technology;Web Designing;Data analytics;Govt. Job;Information Technology,Gathering Information;Business Knowledge;Editing;Problem Solving skills;Writing skills;C++;SQL;Java,71.25,1,Selenium automation,1,Software Tester,None,71.25
Female,B.SC,Commerce,Singing,"AI, ML, Python, Java, SQL, Oracle, Programming, Problem Solving skills, Tableau, Designing Skills",80.0,1,Data Science and AI,1,Computer Software Engineer,Masters in Computer Applications,80.0
Male,B.TECH,Computer Science,Technology,"Python, Linux",66.5,0,No,1,Computer Software Engineer,None,66.5
Male,B.TECH,Economics,"Financial Analysis, Teaching, Technology, Trading","Python, Java, SQL, Oracle, Programming, Team work, Excel, Logical Skills, Interpersonal Skills, Linux, Problem Solving skills",66.5,0,No,1,Computer Software Engineer,None,66.5
Male,B.M.S,Mechanical Engineering,"Financial Analysis, Sales/Marketing, Take risk for Profits, Entrepreneurship","Business Knowledge, Work under Pressure, Team work",77.0,0,No,1,Sales Executive,Masters in Business,77.0
Female,MA,Principles Of Programming Through C Language,Teaching;Govt. Job,Teaching,50.0,1,ACCP,0,Teacher,Masters in education and english,50.0
Female,B.TECH,Education,"Financial Analysis, Take risk for Profits, Technology, Understand Human Behaviour","Analytic Thinking, Business Knowledge, SQL, People Management, Communication Skills, Negotiation Skills, Product Knowledge, Team work, Excel, Problem Solving skills, Writing, Subject Knowledge",36.1,0,No,1,Business Analyst,None,36.1
Female,B.TECH,Digital Signal Processing,Technology;Information Technology,PLC/SCADA/DCS/VLSI,70.3,1,SCADA,1,Instrumentation And Control Engineer,None,70.3
Male,B.TECH,Mechanical,Technology,Machine Learning skills,78.0,0,No,1,Engineer,None,78.0
Male,B.COM,Commerce,Sales/Marketing,"Accounting Skills, Negotiation Skills, Work under Pressure, Logical Skills",66.0,0,No,0,Sales Executive,Masters in Business Administration,66.0
Male,B.COM,Accountancy,Financial Analysis,"Accounting Skills, Analytic Thinking, Communication Skills, Product Knowledge, Logical Skills, Reading, Subject Knowledge",66.5,1,"Advance Excel, Tally ERP 9",1,Business Analyst,Only graduation completed.,66.5
Male,BA,General,Teaching;Social causes,Artistic/Creative Skills;Finance related skills;Mass Communication,66.0,1,java,1,Software Developer,None,66.0
Female,BACHELOR OF JOURNALISM,Journalism,Research;Teaching;Content Writing,Active Listening;Business Knowledge;Communication skills;Mass Communication;HR,71.725,0,No,1,Hr,None,71.725
Male,B.E,Automobile Engineering,"Social Justice, Take risk for Profits, Technology, Understand Human Behaviour","Critical Thinking, Business Knowledge, Java, People Management, Work under Pressure, Leadership, Product Knowledge, Team work, Risk Managing",74.765,1,Automation testing,1,Computer Software Engineer,None,74.765
Female,B.TECH,Information Technalogy,Technology,"Python, Java, SQL, Excel",64.0,0,No,1,Data Engineer,None,64.0
Male,B.TECH,Computer Science Engineering,Digital marketing;Data scientist;Web development;All fields related to Data science.,Data Visualization skills( Power Bi/ Tableau );Machine Learning skills;C++;Presentation Skills;R;Python;Artificial Intelligence;SQL;Content creation;Java;Cloud Computing;AWS,86.45,1,Oracle Certified Associate,1,Data Scientist,Masters in Data Analytics,86.45
Male,B.TECH,Computer Science And Engineering,Technology,NO,65.55,0,No,1,Software Developer,None,65.55
Male,B.TECH,Mechanical Engineering,Financial Analysis;News Coverage;Research;Sales/Marketing;Social Justice;Technology;Web Designing;Content Writing;Data analytics;Digital marketing;Data scientist;Web development;Market reserach;Social media marketing;Blockchain;Salesforce Admin;Construction;Construction Manegement,Active Listening;Programming Language skills;Critical Thinking;Gathering Information;Artistic/Creative Skills;Negotiation skills;Leadership;Social Media Marketing;Interpersonal skills;C++;Presentation Skills;Python;SQL,78.185,0,No,1,Associate Software Engineer,None,78.185
Male,B.COM,Accountancy,"Financial Analysis, Entrepreneurship","Gathering Informing, Business Knowledge",76.0,0,No,0,Journalist,None,76.0
Male,B.COM,Business Administration,Sales/Marketing,Leadership,76.0,1,Computer Engineer,1,Business Analyst,Masters in Computer Applications,76.0
Female,B.COM,Commerce,News Coverage,Writing,92.15,1,Telaring,0,Teacher,None,92.15
Female,B.COM,Commerce,News Coverage,Writing,66.5,0,No,0,Teacher,None,66.5
Male,BE,Mechanical Engineering,Technology,"Work under Pressure, Team work, Excel",55.0,0,No,1,Mechanical Engineer,Masters in Management Studies,55.0
Female,MBA,Accountancy,Financial Analysis,Business Knowledge,66.5,0,No,0,Business Analyst,Masters in Accounting,66.5
Female,B.TECH,Computer Science Engineering,Technology,"Python, Java, SQL, C++",69.73,0,No,0,Computer Software Engineer,Masters in Computer Science,69.73
Male,B.TECH,Mechanical Engineering,Design,CAD/CAE(autocad/catia/ansys/proE/SeimensNX),77.9,1,Product Development,1,Mechanical Design Engineer,None,77.9
Male,B.TECH,Electrical Engineering,Technology;Understand human behaviour;Web Designing;Web development,Programming Language skills;Business Knowledge;People management;Communication skills;Java;Good communication skills,73.91,1,"Wind energy, python",1,Software Developer,None,73.91
Female,B.TECH,Electronics And Communication Engineering,Teaching,"Active Listening,Work under Pressure,Team work,Presentation skills,Reading",76.0,0,No,1,Teacher,M.Tech,76.0
Female,B.SC,Mathematics,Research;Data analytics;Data scientist;Market reserach;Social causes,Active Listening;Critical Thinking;Gathering Information;Analytical Skills;Editing;Problem Solving skills;Risk management skills;Writing skills;C++;R;Java;MATLAB,74.1,0,No,1,Analyst,None,74.1
Male,B.TECH,Electrical And Electronics Engineering,"Cloud computing,Technology,Data analytics,Machine Learning,Cyber Security",Cybersecurity;Information Security;Software Development Life Cycle (SDLC);Security Information and Event Management (SIEM);Security Operations Center,71.82,1,"Certified Information Security Manager® (CISM);
 Breach & Attack Simulation;Foundations of Operationalizing MITRE ATT&CK;ICSI (International CyberSecurity Institute); 
Certified Network Security Specialist",1,Cyber Security Analyst,None,71.82
Male,B.TECH,Information Technalogy,Technology,"Java, Programming",68.0,0,No,0,Mechanical Engineer,Masters in Business Analytics,68.0
Male,B.E,Electrical And Electronics Engineering,"Financial Analysis, Technology","Analytic Thinking, Business Knowledge, People Management, Communication Skills, Leadership, Editing, Product Knowledge, Team work, Excel, Logical Skills, Interpersonal Skills, Presentation Skills, Problem Solving skills, Risk Managing, Reporting, Subject Knowledge",82.46,1,Courses on SAP ,1,Data Analyst,Masters in Data Analytics,82.46
Male,B.COM,Computer Science Engineering,Sales/Marketing,"Leadership, Product Knowledge, Team work, Excel, Sales, Building Rapport, Subject Knowledge",73.15,0,No,1,Sales Executive,Masters in Business Administration,73.15
Male,BE,C++,Higher Studies,"Communication Skills, Leadership, Team work, Excel, Interpersonal Skills, Presentation Skills, Subject Knowledge, AutoCAD, CATIA",80.75,1,CAD Courses - CATIA,0,Assistant Professor,Automotive Engineering,80.75
Female,B.TECH,Electronics And Communication Engineering,Application Development,"Analytic Thinking, Gathering Informing, SQL, Programming, Communication Skills, Product Knowledge, Team work, Excel, Logical Skills, Interpersonal Skills, Problem Solving skills",74.0,1,Microsoft full stack certification,1,Back End Developer,None,74.0
Male,B.TECH,Chemical Engineering,Financial Analysis,Financial Modeling;Financial Analysis;Generally Accepted Accounting Principles (GAAP);DCF ValuationDCF Valuation;Equity Valuation;M&A analysis,79.99,1,JP Morgan Investment Banking Virtual Experience;NISM VA Mutual Fund Distributor ;Basic and Advance Trading Course,1,Financial Analyst,Finance,79.99
Female,B.TECH,Autocad,Technology,"Programming, Communication Skills, Linux",75.0,0,No,0,Java Developer,None,75.0
Male,B.TECH,Electronics And Communication Engineering,Technology;Govt. Job;Industires;Design,Active Listening;Communication skills;Editing;Machine Learning skills,63.65,0,No,1,Mechanical Engineer,None,63.65
Female,B.TECH,Computer Science Engineering,Technology,"AI, ML, Python, SQL",69.0,1,. Net,0,Asp.Net Developer,None,69.0
Male,M.TECH,Design,Data scientist,Analytical Skills;CAD/CAE(autocad/catia/ansys/proE/SeimensNX);construction management,74.0,1,Data scientist course ,1,Quality Engineer,None,74.0
Female,B.TECH,Computer Science Engineering,"Web development,Information Technology,Blockchain,Digital marketing,Game industry",Linux;IBM AIX;Shell Scripting;Domain Name System (DNS);Secure Shell (SSH);Python;shell scripting;GIT;Jenkins;Puppet;Ansible;Nagios,82.27,1,Red Hat Certified Specialist in Ansible Automation;RHCSA;IBM Agile Explorer,1,Devops Engineer,None,82.27
Male,B.E,Dietician,"News Coverage, Research, Teaching, Technology","AI, ML, Python, Java, SQL, Programming, Communication Skills, Work under Pressure, Leadership, Product Knowledge, Creativity Skills, C++, Linux, Problem Solving skills, Writing, Observation Skills, Risk Managing, Reporting",79.8,1,Multiple programming and ML based MOOC courses. ,1,Asp.Net Developer,None,79.8
Male,BE,Computer Science Engineering,Technology,Programming,84.55,0,No,1,Front End Developer,None,84.55
Female,B.TECH,Computer Science Engineering,Technology;Data scientist,Programming Language skills;Critical Thinking;Communication skills;Data Visualization skills( Power Bi/ Tableau );Machine Learning skills;C++;Presentation Skills;Python;Artificial Intelligence;SQL;Java,66.5,1,No,1,Associate Software Engineer,None,66.5
Female,B.TECH,"Reporting, Anchoring, Tv Journalism, Advertising & Radio",Software,"ML, Python, SQL, R",67.0,1,Internship in innodatatics,0,Data Scientist,Masters in Computer Science,67.0
Male,B.SC,Computer Science Engineering,Trading;Web Designing;Data analytics;Govt. Job,Programming Language skills;Analytical Skills;Editing;Data Visualization skills( Power Bi/ Tableau );Machine Learning skills;Python;Java,62.94,1,Data science,0,Data Scientist,None,62.94
Male,B.TECH,Computer Science Engineering,Technology,"AI, ML, Python, Critical Thinking, Analytic Thinking, Gathering Informing, Artistic skills, Java, SQL, Programming, Communication Skills, Negotiation Skills, Work under Pressure, Leadership, Product Knowledge, Creativity Skills, Team work, Excel, Presentation Skills, C++, Linux, Problem Solving skills, Mass Communication, Writing, Tableau, Reading, Designing Skills, Building Rapport, Subject Knowledge",79.705,1,"Splunk , CCNA, CCENT",1,Data Analyst,Masters in software engineering,79.705
Male,B.TECH,Electronics And Communication Engineering,Data Analytics,NO,76.0,0,No,1,Software Engineer,None,76.0
Male,B.TECH,Electrical And Electronics Engineering,Software Job,NO,85.5,0,No,1,Associate Engineer,None,85.5
Female,B.TECH,Computers,Research;Teaching;Data analytics,Leadership;SQL,70.0,0,No,1,Associate Consultant,None,70.0
Female,B.TECH,Sales & Marketing,Technology,"AI, ML, Python",74.1,0,No,0,Computer Software Engineer,Masters in Data Science,74.1
Female,B.COM,Computer Applications,Financial Analysis,Accounting Skills,62.7,0,No,0,Business Analyst,None,62.7
Male,B.TECH,Civil Engineering,Construction;Urban Planning,"Proeficiency in Software like STAAD PRO, ETABS",70.3,1,ETABS,1,Civil & Structural Engineer,Masters in Structural Engineering,70.3
Male,B.TECH,Civil Engineering,Financial Analysis;Industires;Design;Urban Planning;Project Management,"Communication skills;Negotiation skills;Leadership;Proeficiency in Software like STAAD PRO, ETABS",66.88,1,ETABS & STAAD-Pro,1,Civil & Structural Engineer,Masters in Structural Engineering,66.88
Male,M.TECH,Computer Science Engineering,"Teaching, Technology, Understand Human Behaviour, Understand Human Body","Python, Java, SQL",73.435,1,Android application development,1,Data Analyst,None,73.435
Male,B.E.,Automobile Engineering,Research,"Critical Thinking, Analytic Thinking, Work under Pressure, Leadership, Team work, Excel, Logical Skills, Interpersonal Skills, Presentation Skills, Observation Skills, Designing Skills, Subject Knowledge",87.4,1,"Coursera- python, lean manufacturing, sql",1,Mechanical Engineer,None,87.4
Female,B.TECH,Civil Engineering,Construction;Construction Manegement;Urban Planning,"Proeficiency in Software like STAAD PRO, ETABS",77.9,1,AutoCAD Civil 3D,1,Civil & Structural Engineer,None,77.9
Male,BE,Computer Science Engineering,Technology;Web Designing;Social media marketing,Programming Language skills;C++;R;Python;Java,84.55,0,No,1,Front End Developer,None,84.55
Male,B.TECH,Civil Engineering,"Financial Analysis, Research, Technology, Entrepreneurship","Active Listening, AI, ML, Python, Critical Thinking, Analytic Thinking, SQL, Programming, Communication Skills, Leadership, Market Study, Team work, Tableau",82.3,1,Data visualization Using Tableau,0,Civil Engineer,Certification Course In Data science,82.3
Male,B.COM,Accountancy,"Financial Analysis, Take risk for Profits, Trading, Entrepreneurship, Understand Human Behaviour","Accounting Skills, Gathering Informing, Business Knowledge, People Management, Communication Skills, Editing, Cost Accounting, Market Study, Team work, Excel, Logical Skills, Presentation Skills, Wealth Management, Problem Solving skills, Writing, Risk Managing, Reading, Sales, Subject Knowledge",69.16,0,I am doing internship in fundamental analysis,0,Data Analyst,Masters in Business Administration,69.16
Male,B.TECH,Genetic Engineering,"Research,Understand human body,BioTechnology",Life science molecular Biology genetics; Polymerase Chain Reaction (PCR); Protein Expression; Biochemistry ·,66.595,1,Cell culture and technologies,1,Research Associate,None,66.595
Male,BBA,Management,Sales/Marketing;SAP Consultant in MM;Product Life cycle Management,Leadership;Risk management skills;Wealth Management;Client management,67.545,1,Scrum Master,1,Project Manager,MBA in Management,67.545
Male,B.TECH,Electrical And Electronics Engineering,"Technology,Entrepreneurship","Creativity Skills,Leadership,Market Study, Teamwork, Programming",71.25,1,"Tableau,Python Training",1,Developer,M.Tech,71.25
Male,B.TECH,Computer Science Engineering,Financial Analysis;Game industry,Active Listening;Programming Language skills;People management;Communication skills;Product knowledge;Linux;Java,70.7,1,Java core,1,Software Developer,None,70.7
Female,B.COM,Accountancy & Finance,Financial Analysis,ACCOUNTANCY; FINANCIAL MANAGEMENT; COST ACCOUNTANCY; TAXATION,72.58,1,The Institute of Chartered Accountants of India,1,Financial Analyst,None,72.58
Male,B.TECH,Electrical And Electronics Engineering,Technology;Trading;Data scientist,Active Listening;Hardware skills;Programming Language skills;Critical Thinking;Mass Communication,67.0,1,Python,1,Site Engineer,None,67.0
Male,B.TECH,Electrical And Electronic Engineering,Technology;Trading;Govt. Job;Infrastructure;Social causes,Critical Thinking;Business Knowledge;Analytical Skills;Risk management skills,63.0,0,No,1,Site Engineer,None,63.0
Female,B.TECH,Electronics And Communication Engineering,Financial Analysis;Technology;Data analytics,Analytical Skills;Data Visualization skills( Power Bi/ Tableau );Machine Learning skills;Python;SQL,80.0,1,Machine learning,1,Data Analyst,None,80.0
Female,B.TECH,Electronics And Communication Engineering,Financial Analysis;Technology;Data analytics,Active Listening;Programming Language skills;Critical Thinking;Business Knowledge;Analytical Skills;Communication skills;Data Visualization skills( Power Bi/ Tableau );Machine Learning skills;Python;Artificial Intelligence;SQL,80.0,1,Machine learning ,1,Associate Consultant,None,80.0
Male,B.TECH,Electrical And Electronics Engineering,Software Job,NO,73.15,0,No,1,Associate Engineer,None,73.15
Female,B.TECH,Computer Science Engineering,Technology,Programming Language skills;SQL;Java;Good communication skills,64.0,0,No,1,Associate Consultant,None,64.0
Female,BE,Electrical And Electronics Engineering,Technology,"SQL, Excel, Writing, Reporting, Reading, Building Rapport, Subject Knowledge",86.45,0,No,1,Computer Software Engineer,None,86.45
Male,M.TECH,Computer Science Engineering,Technology;Data analytics;Data scientist,Programming Language skills;Critical Thinking;Analytical Skills;Machine Learning skills;Python;SQL;Cloud Computing,76.95,0,No,1,Software Engineer,Master of Science in Computer Science,76.95
Male,B.TECH,Computer Science Engineering,Technology;Data analytics,Programming Language skills;Analytical Skills;Machine Learning skills;Python,79.0,1,IBM,1,Data Analyst,Master in marketing management,79.0
Male,B.E,Automobile Engineering,"News Coverage, Research, Sales/Marketing, Entrepreneurship","Active Listening, Critical Thinking, Analytic Thinking, Gathering Informing, Business Knowledge, People Management, Communication Skills, Negotiation Skills, Work under Pressure, Leadership, News Gathering, Product Knowledge, Cost Accounting, Wealth Management, Observation Skills, Risk Managing",76.0,1,Entrepreneurship course and dropshipping course at shop101,1,Computer Software Engineer,None,76.0
Male,BE,Automobile Engineering,Technology,Team work,79.8,0,,1,Mechanical Engineer,None,79.8
Male,BCA,Computer Applications,"Technology, Entrepreneurship, Understand Human Behaviour, Understand Human Body","Critical Thinking, Gathering Informing, Java, Editing, Creativity Skills, Team work, Interpersonal Skills, Building Rapport",66.0,0,No,1,Software Tester,None,66.0
Male,BE,Mechanical Engineering,Industires;Design,CAD/CAE(autocad/catia/ansys/proE/SeimensNX),86.45,1,nX unigraphics,1,Mechanical Design Engineer,None,86.45
Male,B.SC,Mathematics,Financial Analysis;Research;Technology;Supply Chain Analysis,Critical Thinking;Analytical Skills;Data Visualization skills( Power Bi/ Tableau );Machine Learning skills;Python;Artificial Intelligence,76.0,1,Tablue ,1,Assistant Professor,Masters in Mathematics,76.0
Male,B.SC,Mathematics,"Financial Analysis, Technology","AI, ML, Python, Analytic Thinking, Tableau",80.0,1,Data science ,1,Teacher,Masters in Mathematics,80.0
Male,B.TECH,Mechanical Engineering,Technology,"SQL, Oracle, Work under Pressure, Leadership, Editing, Cost Accounting, Creativity Skills, Market Study, Team work, Excel, Linux, Ccna",72.2,1,Ccna,1,Data Engineer,None,72.2
Male,B.TECH,Mechanical Engineering,Technology,"Analytic Thinking, Negotiation Skills, Team work",77.0,0,No,1,Business Analyst,Masters in Computer Science,77.0
Male,B.TECH,Electronics And Communication Engineering,Web Designing;Digital marketing;Industires;Design;Blockchain,Programming Language skills;Critical Thinking;Leadership;Machine Learning skills;MATLAB,75.0,1,Java,1,Software Engineer,None,75.0
Male,B.TECH,Civil Engineering,Data Analyst,"Creativity Skills, Programming, Teamwork, Analytical Skills, Excel, Presentation Skills",73.15,1,Data Science,1,Data Engineer,Masters in Business Analytics,73.15
Female,B.TECH,Electronics And Communication Engineering,Data Analytics,"C, python, javascript",76.0,1,"C, python, javascript",1,Software Engineer,None,76.0
Female,B.TECH,Mechanical Engineering,"Research, Product analysis","Critical Thinking, Work under Pressure, Product Knowledge, Excel, Logical Skills, Presentation Skills, Problem Solving skills, Designing Skills",74.7,1,Pgdca,0,Mechanical Engineer,None,74.7
Male,BE,Automobile Engineering,"Financial Analysis, Technology, Entrepreneurship","Communication Skills, Team work",71.25,0,No,1,Data Engineer,None,71.25
Female,B.TECH,Biotechnology,"Research,Understand human body,BioTechnology",immunochemistry Immunocytochemistry; ImageJ and Zen2012 softwares; SDS-PAGE; Thin-Layer Chromatography (TLC); Agarose Gel Electrophoresis; Paper Chromatography,84.455,1,Cell culture and technologies; biomedical nanotechnology,1,Research Associate,None,84.455
Male,BA,Economics,Financial Analysis;Research;Data analytics;Data scientist,Critical Thinking;Business Knowledge;Analytical Skills;Communication skills;Problem Solving skills;Data Visualization skills( Power Bi/ Tableau );Excel,76.0,1,Business Analytics ,1,Business Analyst,None,76.0
Female,B.TECH,Computer Science Engineering,Teaching;Technology;Service;Social causes;Information Technology,Accounting Skills;Critical Thinking;People management;Communication skills;Java,76.0,0,No,1,Software Engineer,None,76.0
Female,B.TECH,Civil Engineering,Hr,"Python, Java, SQL",77.995,0,No,1,Asp.Net Developer,M. Tech,77.995
Male,B.TECH,Mechanical Engineering,Technology;Industires,CAD/CAE(autocad/catia/ansys/proE/SeimensNX),70.3,1,Certification in Electronic Packaging,1,Mechanical Design Engineer,None,70.3
Female,B.COM,Accountancy,Financial Analysis,Accounting Skills,57.0,0,No,0,Business Analyst,Masters in Banking & Financial Institutions,57.0
Male,BE,Mechanical Engineering,Research;Teaching,Analytical Skills;CAD/CAE(autocad/catia/ansys/proE/SeimensNX),72.0,0,No,1,Assistant Professor,Masters in Automobile Engineering,72.0
Female,B.TECH,Electronics And Communication Engineering,Technology,NO,76.0,0,No,1,Associate Engineer,None,76.0
Male,B.TECH,Electrical And Electronics Engineering,Software Job,NO,66.5,0,No,1,Associate Engineer,None,66.5
Male,MBA,Sales & Marketing,"Sales/Marketing, Social Justice","Leadership, Product Knowledge",87.4,1,No,1,Business Analyst,Masters in Business Administration,87.4
Male,M.TECH,Electrical And Electronics Engineering,News Coverage;Research;Social Justice;Teaching;Technology,Active Listening;Hardware skills;Critical Thinking;Business Knowledge,77.0,0,No,1,Teacher,None,77.0
Female,B.TECH,Mechania,"Research, Entrepreneurship","Active Listening, Business Knowledge, Work under Pressure, Team work, Interpersonal Skills, Writing",90.0,0,No,1,Mechanical Engineer,None,90.0
Male,B.TECH,Electrical And Electronics Engineering,Technology,"Java, Programming",80.0,1,Java,1,Front End Developer,None,80.0
Male,B.TECH,Data Warehousing & Data Mining,"Financial Analysis, Research, Sales/Marketing, Technology, Entrepreneurship","Python, Critical Thinking, Analytic Thinking, Gathering Informing, Business Knowledge, SQL, Programming, People Management, Communication Skills, Negotiation Skills, Work under Pressure, Leadership, Product Knowledge, Creativity Skills, Excel, Interpersonal Skills, Presentation Skills, Wealth Management, Linux, Mass Communication, Tableau, Observation Skills, Risk Managing, Reading, Subject Knowledge",71.25,1,"SQL, CCNA",1,Data Engineer,Masters in Business Analytics,71.25
Male,B.TECH,Computer Science Engineering,Technology,NO,66.5,0,No,1,Web Developer,None,66.5
Female,MDCS,Information Technalogy,Financial Analysis,"Analytic Thinking, SQL, Oracle, Programming, Team work, Linux, Building Rapport, Subject Knowledge",75.0,1,Automation Test Engineer,1,Computer Software Engineer,Masters in Computer Science,75.0
Female,B.TECH,Electronics And Communication Engineering,"Understand Human Behaviour, Understand Human Body","People Management, Communication Skills, Negotiation Skills, Leadership, Creativity Skills, Team work, Interpersonal Skills, Presentation Skills",70.0,1,IOT,1,Business Analyst,Masters in Business Administration,70.0
Male,B.COM,Statistics,"Technology, Analysis","ML, Python, SQL, Programming, Excel, Problem Solving skills, Tableau",71.25,1,Data Science ,1,Sales,None,71.25
Male,B.COM,Business Administration,Sales/Marketing,Business Knowledge,76.0,0,No,1,Business Analyst,Masters in Business Administration,76.0
Female,B.SC,Biotechnology,"Teaching, Technology","Gathering Informing, Interpersonal Skills, Building Rapport, Subject Knowledge",74.1,0,No,1,Teacher,Masters in biotechnology,74.1
Female,B.SC,Agriculture,Sales/Marketing;Supply Chain Analysis,Active Listening;Gathering Information;Communication skills;Mass Communication,70.3,1,Mushroom cultivation project,1,Sales Executive,None,70.3
Male,BA,Sociology,Technology,"ML, Python, SQL, Excel, R, Tableau",65.55,1,Data Science in Python and R,0,Mechanical Engineer,None,65.55
Male,B.TECH,Mathematics,Data analytics;Market reserach;Industires;Product Life cycle Management;Sports Industry,Business Knowledge;Leadership;Product knowledge;Problem Solving skills;Risk management skills;Sales;HR,70.0,0,No,0,Engineer,Masters in mathematics,70.0
Male,BE,Plastic Design,Design,Designing skills,68.0,1,Post diploma in tool design and CAD CAM,1,Design Engineer,None,68.0
Male,B.TECH,Electrical And Electronics Engineering,Teaching,"Active Listening, Work under Pressure,Teamwork,Interpersonal Skills, Presentation skills, Reading",67.45,0,No,1,Teacher,M.Tech,67.45
Male,B.TECH,Mechanical Engineering,Design,"Proeficiency in Software like STAAD PRO, ETABS",68.4,1,Solidworks,1,Mechanical Design Engineer,Masters in Product Design and Manufacturing,68.4
Female,B.SC,Chemistry,Teaching,"Critical Thinking, Analytic Thinking, Team work, Problem Solving skills, Reading",85.5,1,TTF,1,Teacher,Masters in Science,85.5
Male,B.TECH,Mechanical Engineering,Technology,"Team work, Observation Skills",73.15,0,No,1,Mechanical Engineer,None,73.15
Male,B.TECH,Civil Engineering,Construction;Construction Manegement,construction management,64.6,1,structural engineering,1,Civil & Structural Engineer,Masters in Civil Engieering,64.6
Male,B.TECH,Civil Engineering,Construction;Construction Manegement;Urban Planning;Project Management,"Proeficiency in Software like STAAD PRO, ETABS",78.185,1,Structural analysis,1,Civil & Structural Engineer,Masters in Civil Engineering,78.185
Male,B.TECH,Electrical And Electronics Engineering,Technology,"ML, Python",72.12,0,Pursuing data science,0,Data Scientist,B.tech,72.12
Male,HSC,Communication & Political Science,"Sales/Marketing, Entrepreneurship, Understand Human Body","Leadership, Mass Communication, Reading, Sales",59.0,0,No,1,Tele-Caller,None,59.0
Male,B.TECH,Electronics And Communication Engineering,Data Analytics,NO,65.55,0,No,1,Assistant System Engineer Trainee,None,65.55
Male,B.TECH,Civil Engineering,Construction;Construction Manegement;Urban Planning,"Proeficiency in Software like STAAD PRO, ETABS",86.45,1,STAAD-Pro,1,Civil & Structural Engineer,None,86.45
Male,B.TECH,Civil Engineering,Infrastructure;Social causes;Industires;Design;Construction;Construction Manegement,"Proeficiency in Software like STAAD PRO, ETABS",91.295,1,STAAD-Pro,1,Civil & Structural Engineer,None,91.295
Female,BBA,Literature,Social Justice,Analytic Thinking,76.0,0,No,0,Housewife,None,76.0
Male,B.TECH,Electrical And Electronics Engineering,Teaching;Technology;Trading,People management;Architecture,69.0,0,No,1,Site Engineer,None,69.0
Female,B.TECH,Electronics And Communication Engineering,Entrepreneurship,"Java, SQL",74.1,0,No,1,Java Developer,Masters in Computer Applications,74.1
Male,B.TECH,Electrical And Electronics Engineering,"Web development,Information Technology,Blockchain,Digital marketing,Game industry",DevOps;Kubernetes;Docker;Jenkins;Linux;Bash Script;Grafana;Elastic Stack (ELK);Amazon Web Services (AWS);Git;Linux System Administration;Ansible;Elasticsearch;OpenStack;Apache Kafka;Redis;docker;Bash;prometheus;Nginx,68.115,1,DevOps ,1,Devops Engineer,None,68.115
Male,B.TECH,Electrical And Electronics Engineering,Data Analytics,"C,C++,Java,JavaScript,Python",78.85,1,"C,C++,Java,JavaScript,Python",1,Software Developer,None,78.85
Female,BBA,Business Administration,Understand human behaviour;Retailer;Service;Social causes,Recruiting,76.95,1,Certified Professional- Recruiter,1,Hr Executive,None,76.95
Male,B.TECH,Computer Science Engineering,Technology,"AI, ML, Python",85.5,1,Data scientist,1,Data Scientist,Masters in Data Science,85.5
Female,BMS,Sales & Marketing,"Research, Teaching, Technology, Entrepreneurship","Gathering Informing, Communication Skills, Editing, Presentation Skills, Observation Skills, Reading, Subject Knowledge",80.0,0,No,0,Hr,Masters in Commerce,80.0
Female,B.TECH,Cee,Data Analytics,Python,85.5,0,Python,1,Software Developer,None,85.5
Male,BE,Computer Science Engineering,Data Analytics,NO,66.5,0,No,1,Software Developer,None,66.5
Female,B.COM,Computer Applications,Teaching,Derivatives,65.55,0,No,1,Computer Software Engineer,Masters in Science,65.55
Male,B.TECH,Computer Science Engineering,Software Job,NO,76.0,0,No,1,Developer,None,76.0
Female,B.TECH,Computer Science Engineering,Technology,"SQL, Communication Skills",72.01,1,LinkedIN Certification,1,Computer Software Engineer,Masters in Data Analytics,72.01
Male,BBA,Financial Analyst,Financial Analysis,Project Finance;Financial Modeling;Business Strategy,83.98,1,Financial Modelling and Valuation; CFA Program;Microeconomic Diagnostics,1,Financial Analyst,Finance,83.98
Female,B.TECH,Computer Science Engineering,"Financial Analysis, Technology","Gathering Informing, Business Knowledge, SQL, Leadership, Writing, Designing Skills",74.4,1,Java,1,Business Analyst,Masters in Business Analytics,74.4
Female,B.SC,Physics,Teaching,Teaching,86.0,0,No,1,Teacher,Masters in Science,86.0
Male,B.TECH,Computer Science Engineering,"Cyber Security,Technology,Data analytics,Machine Learning,Cloud computing",Threat & Vulnerability Management;Endpoint Security;Vulnerability Assessment;ISO 27001;Information Security;proofpoint;Palo Alto Networks;Symantec Endpoint Protection;SophosS;Vulnerability Management;Security Information and Event Management (SIEM);Threat Analysis;Threat Assessment;Splunk;ISO 27001 Lead Auditor;Pki;Cyber Security Risk;Cybersecurity Incident Response;Vulnerability Scanning;Security,77.33,1,"Applied Cybersecurity Essentials Hybrid Intensive;
ISO 27001 Lead Auditor Information Security Management System ;Splunk Fundamentals;
Accredited Configuration Engineer (ACE);Ethical Hacking",1,Cyber Security Analyst,None,77.33
Female,BE,Electronics And Telecommunication,Technology,Programming Language skills;Communication skills;Problem Solving skills;Python;MATLAB,61.75,0,No,1,Assistant System Engineer Trainee,None,61.75
Female,G. N. M NURSHING,Hospitality,"Teaching, Technology","Logical Skills, Presentation Skills, Observation Skills, Subject Knowledge",76.95,0,No,1,Medical Practitioner,Masters in Pharmacy,76.95
Female,B.TECH,Information Technalogy,Financial Analysis,"Active Listening, AI, Critical Thinking, Analytic Thinking, Artistic skills, Java, Communication Skills, Work under Pressure, Leadership, Editing, Product Knowledge, Creativity Skills, Team work, Excel, Logical Skills, Interpersonal Skills, Presentation Skills, Mass Communication, Writing, Tableau, Reading, Designing Skills",70.49,0,No,1,Software Engineer,None,70.49
Female,B.TECH,Mechanical Engineering,"Technology,Trading","Active Listening, Programming, Work under Pressure, Teamwork,Excel,Logical Skills Interpersonal Skills, Presentation skills, Reading",74.1,0,No,1,Sql Developer,Masters in Business Analytics,74.1
Female,B.TECH,Electrical And Electronics Engineering,Technology,Unknown,75.05,1,Data Science,1,Data Analyst,masters in Data Science,75.05
Female,B.TECH,Computer Science Engineering,Technology,Programming Language skills;Critical Thinking;Gathering Information;People management;Communication skills;Leadership;SQL;Java,70.3,1,"oracle associate developer, Microsoft azure fundamentals, microsoft azure data adsociate",1,Software Engineer,None,70.3
Male,B.SC,Chemistry,"Sales/Marketing, Take risk for Profits","Active Listening, Artistic skills, Communication Skills, Work under Pressure, Editing, Product Knowledge, Creativity Skills, Market Study, Team work, Excel, Sales",67.0,1,Chse ,1,Medical Practitioner,Masters in Business Analytics,67.0
Male,B.TECH,Computer Science Engineering,Technology;Data analytics;Data scientist;All fields related to Data science.,Data Visualization skills( Power Bi/ Tableau );Machine Learning skills;C++;Artificial Intelligence;SQL,71.25,1,Python Data Structures,1,Data Analyst,None,71.25
Male,B.TECH,Information Technology,Entrepreneurship,"Active Listening, Python, Critical Thinking, Analytic Thinking, Java, SQL, Oracle, Programming, People Management, Leadership, Team work, Logical Skills, Interpersonal Skills, C++, Problem Solving skills, Writing, Building Rapport, Subject Knowledge",74.1,0,No,1,Java Developer,None,74.1
Female,B.TECH,Computer Science Engineering,"Research, Technology, Entrepreneurship","Java, Programming, Creativity Skills, Team work, Excel, Linux",66.0,0,No,1,Computer Software Engineer,None,66.0
Female,B.TECH,Computer Science Engineering,"Technology,Teaching","Active Listening, Programming, Work under Pressure, Teamwork,Excel, Interpersonal Skills, Presentation skills, Reading",70.3,0,No,1,Teacher,M.Tech,70.3
Female,B.TECH,Civil Engineering,Teaching,"Active Listening, Work under Pressure,Teamwork,Interpersonal Skills, Presentation skills, Reading",76.95,0,No,1,Teacher,M.Tech,76.95
Female,B.TECH,Biotechnology,Technology,"Critical Thinking, Analytic Thinking, Java, SQL, Programming, Communication Skills, Work under Pressure, Leadership, Team work, Interpersonal Skills, Presentation Skills, Problem Solving skills, Writing, Observation Skills, Reporting, Reading",86.45,1,Microsoft and Google Tech Certifications,1,Computer Software Engineer,None,86.45
Female,BA,History,"News Coverage, Teaching","Active Listening, Communication Skills, Work under Pressure, News Gathering, Reporting, Reading, Subject Knowledge",68.0,1,PGDC,1,Teacher,Masters in Arts & Literature,68.0
Male,B.E,Automobile Engineering,Technology,"Team work, Linux, Problem Solving skills",64.79,0,No,1,Computer Software Engineer,None,64.79
Male,B.TECH,Accountancy,Research,"Critical Thinking, Analytic Thinking, Gathering Informing",71.25,0,No,0,Mechanical Engineer,Masters in Business Administration,71.25
Male,B.TECH,Automobile,Technology,"Python, Programming, Excel, Linux",63.84,0,No,1,Computer Software Engineer,Masters in Computer Science,63.84
Female,B.COM,Mechanical Engineering,Financial Analysis,Accounting Skills,76.0,0,No,1,Business Analyst,Masters in Banking & Financial Institutions,76.0
Male,BE,Accounting  And Finance,Data scientist,Active Listening;Business Knowledge;People management;Leadership;Product knowledge;Problem Solving skills;Risk management skills;Designing skills;Machine Learning skills;Python;SQL,74.18,1,Deta scientist nd python programing language ,0,Software Engineer,None,74.18
Male,B.COM,Statistics,Financial Analysis,Teamwork;Time Management;Company Secretarial Work;,72.2,1,Companies Act;,1,Company Secretary,"Company Secretary Professional(
(The Institute of Company Secretaries of India)",72.2
Female,B.SC,Information Technology,Research,"ML, Python",78.85,1,Machine learning with python,0,Sales Executive,Masters in Statistics,78.85
Female,B.TECH,"C, C++, Java, Sql, Mysql, Unix, Html, Mathematics, Statistics","Technology, Entrepreneurship","Analytic Thinking, Business Knowledge, Java, SQL, Communication Skills, Work under Pressure, Product Knowledge, Team work, Excel, Problem Solving skills, Observation Skills, Reporting, Reading, Subject Knowledge",69.35,1,Java,1,Software Tester,None,69.35
Male,B.COM,Mechanical Engineering,Design,"Editing, Designing Skills, Sales",71.25,0,No,0,Marketing Manager,Masters in Computer Science,71.25
Male,B.TECH,Civil Engineering,Software Job,NO,66.5,0,No,1,Associate Engineer,None,66.5
Male,B.TECH,Mechanical Engineering,Technology,"AI, ML, Python, C++, R, Linux",56.05,0,No,0,Data Engineer,Masters in Data Science,56.05
Male,B.TECH,Civil Engineering,"Web development,Social causes,All fields related to Data science,Machine Learning,Data scientist",Node.js;Angular;JIRA;TRELLO;Jquery;Javascript;Ajax;PHP;Codeignitor;Loopback;,76.95,1,HTML;AJAX,1,Web Developer,None,76.95
Male,B.TECH,Mechanical Engineering,Teaching,"Active Listening,Work under Pressure,Team work,Presentation skills",74.1,0,No,1,Teacher,M.Tech,74.1
Male,B.TECH,Information Technalogy,Technology;Understand human behaviour;Govt. Job;Infrastructure;Design;Construction;Construction Manegement,"Proeficiency in Software like STAAD PRO, ETABS;construction management",77.9,1,Advance Construction Technology ,1,Civil & Structural Engineer,None,77.9
Female,BE,Electronics And Communication Engineering,Technology,"Python, Tableau",62.0,1,DATA SCIENCE and python with Tablue,1,Back End Developer,None,62.0
Male,B.TECH,Geography,Technology;Govt. Job;Sports Industry,Programming Language skills;People management,62.0,0,No,1,Software Developer,None,62.0
Male,BE,Sales & Marketing,Entrepreneurship,Creativity Skills,69.35,0,No,0,Business Analyst,None,69.35
Male,B.TECH,Management,Trading;Customer care,Critical Thinking;Artistic/Creative Skills;Analytical Skills;Civil & Criminal Law;Problem Solving skills;Risk management skills;Writing skills;Interpersonal skills;Presentation Skills,71.25,0,No,1,Site Engineer,Site engineer,71.25
Female,B.COM,Business Studies,Sales/Marketing,Business Knowledge;People management;Communication skills;Problem Solving skills;Sales;Social Media Marketing;Interpersonal skills;Presentation Skills,64.0,1,Business innovation model,1,Data Analyst,Masters in Business Administration,64.0
Female,BA,Computer Science Engineering,Teaching,Teaching,98.0,1,N.t.t.,1,Teacher,M.a. ancient Indian history,98.0
Male,BCA,Electrical And Electronics Engineering,Testing,Java,57.0,1,No,0,Computer Software Engineer,None,57.0
Male,B.TECH,Electrical And Electronics Engineering,Technology;Industires;Design,Automation,76.0,1,process automation,1,Instrumentation And Control Engineer,None,76.0
Male,B.TECH,Computer Science And Engineering,Teaching,"Active Listening,Work under Pressure,Team work,Presentation skills",74.1,0,No,1,Teacher,M.Tech,74.1
Male,B.TECH,Computer Science,Technology;Web Designing,Active Listening;Programming Language skills;Critical Thinking;Analytical Skills;Communication skills;Problem Solving skills;Python,63.65,1,Internship at iCloud ,1,Associate Consultant,None,63.65
Male,DME,Mechanical Engineering,"Financial Analysis, News Coverage, Social Justice, Entrepreneurship, Understand Human Behaviour, Understand Human Body","Reading, Subject Knowledge",76.0,0,No,1,Mechanical Engineer,Masters in Computer Science,76.0
Female,B.TECH,English,"Technology, Entrepreneurship","ML, Python, SQL, Programming, Team work, Excel, Logical Skills, Presentation Skills, Tableau",77.9,0,No,1,Sql Developer,Masters in Business Analytics,77.9
Male,DIPLOMA,Computer Science Engineering,Teaching,Editing,54.0,0,No,1,Hr,None,54.0
Male,B.TECH,Mechanical Engineering,Web Designing;Information Technology,Programming Language skills,52.0,0,No,1,Software Engineer,None,52.0
Female,B.TECH,Automobile Engineering,Industires;Design,CAD/CAE(autocad/catia/ansys/proE/SeimensNX),68.495,1,UGS NX5,1,Mechanical Design Engineer,None,68.495
Female,B.SC,Mechanical Engineering,Financial Analysis;Research;Sales/Marketing;Teaching;Technology;Supply Chain Analysis;Data analytics;Data scientist,Active Listening;Critical Thinking;Gathering Information;Artistic/Creative Skills;Business Knowledge;Analytical Skills;People management;Communication skills;Problem Solving skills;Writing skills;Machine Learning skills;Python;Artificial Intelligence;Automation,65.0,0,No,1,Analyst,Yes in statistics,65.0
Male,B.TECH,Mathematics,Research;Sales/Marketing;Market reserach,Active Listening;Communication skills;Negotiation skills;Problem Solving skills;Client management,65.0,0,No,1,Project Manager,None,65.0
Male,BE,Computers,Data Analytics,"ML, Python, SQL",65.55,1,Machine learning Witth Python certified by IBM,0,Data Analyst,Masters in Data Science,65.55
Female,B.SC,Computer Science Engineering,Data Analyst,"ML, Python, Analytic Thinking, SQL, Communication Skills, Tableau",83.6,1,"Python for Data science by IBM,Data Analysis using Python by IBM ",0,Data Analyst,Masters in Statistics,83.6
Male,B.TECH,Bbb,"Financial Analysis, Technology, Trading, Entrepreneurship, Understand Human Behaviour","SQL, Derivatives, Linux",79.0,0,No,1,Computer Software Engineer,None,79.0
Male,B.TECH,Electronics & Telecommunications,Data Analytics,NO,76.95,0,No,1,Assistant System Engineer Trainee,None,76.95
Male,B.TECH,Electronics And Communication Engineering,Technology,"Python, SQL, Oracle",72.2,0,AWS cloud practitioner ,1,Data Engineer,Masters in Computer Science,72.2
